,Train f1_score,Test f1_score,Overfitting,ROC Area,Precision,Recall,F1-score,Support
XGBoost with default params,0.884,0.604,True,0.6466393394888366,0.5562342795544376,0.6601279317697228,0.6037441497659907,4690.0
XGBoost after 50 trials,0.777,0.645,True,0.6724077285066172,0.5707957342083675,0.7417910447761195,0.6451553082985628,4690.0
SVM with default parameters,0.669,0.652,True,0.6905577336727313,0.5887207702888583,0.7300639658848614,0.6518180087569008,4690.0
SVM after 50 trials,0.645,0.644,True,0.673172238242394,0.5772550346928415,0.7272921108742004,0.6436456269459383,4690.0
